Country/Economy,Region,,Income group,DailyIron,Source,Deworm,Source,Staple_wheat,Source,Staple_rice,Source,Staple_maize,Source,ITN,Source,Antimalarial,Source,Vitamin A postpartum,Source
Afghanistan,South Asia,EMRO,Low income,0.068,Existing Data,0.03,Existing Data,0.368,Region Avg,0.012,Region Avg,0.055,International average,0.041,Existing Data,0.26572973,Region & Income Avg,0.26572973,Region & Income Avg
Albania,Europe & Central Asia,EURO,Upper middle income,0.185,Existing Data,0.019,Existing Data,0.61675,Region & Income Avg,0.656,International average,0.055,International average,0.404630435,International average,0.26572973,Region & Income Avg,0.26572973,Region & Income Avg
Algeria,Middle East & North Africa,AFRO,Lower middle income,0.349076923,Region & Income Avg,0.0335,Region Avg,0.761,Region Avg,0.656,International average,0.055,Income Group Avg,0.465125,Income Group Avg,0.26572973,Region & Income Avg,0.26572973,Region & Income Avg
American Samoa,East Asia & Pacific,WPRO,Upper middle income,0.349076923,Region & Income Avg,0.361333333,Region & Income Avg,0.279,Region & Income Avg,0.956,Region & Income Avg,0.055,International average,0.228333333,Region & Income Avg,0.26572973,Region & Income Avg,0.26572973,Region & Income Avg
Andorra,Europe & Central Asia,EURO,High income,0.349076923,Region & Income Avg,0.040666667,Region & Income Avg,0.61675,Region & Income Avg,0.656,International average,0.055,International average,0.404630435,International average,0.26572973,Region & Income Avg,0.26572973,Region & Income Avg
Angola,Sub-Saharan Africa,AFRO,Lower middle income,0.321,Existing Data,0.492,Existing Data,0.309333333,Region & Income Avg,0.656,International average,0.055,Region & Income Avg,0.23,Existing Data,0.2,Existing Data,0.2,Existing Data
Antigua and Barbuda,Latin America & Caribbean,AMRO,High income,0.349076923,Region & Income Avg,0.087833333,Region & Income Avg,1,Region & Income Avg,1,Region & Income Avg,0.055,International average,0.2305,Region & Income Avg,0.26572973,Region & Income Avg,0.26572973,Region & Income Avg
Argentina,Latin America & Caribbean,AMRO,Upper middle income,0.349076923,Region & Income Avg,0.087833333,Region & Income Avg,1,Region & Income Avg,1,Region & Income Avg,0.055,International average,0.2305,Region & Income Avg,0.26572973,Region & Income Avg,0.26572973,Region & Income Avg
Armenia,Europe & Central Asia,EURO,Upper middle income,0.045,Existing Data,0.006,Existing Data,0.61675,Region & Income Avg,0.656,International average,0.055,International average,0.404630435,International average,0.26572973,Region & Income Avg,0.26572973,Region & Income Avg
Aruba,Latin America & Caribbean,AMRO,High income,0.349076923,Region & Income Avg,0.087833333,Region & Income Avg,1,Region & Income Avg,1,Region & Income Avg,0.055,International average,0.2305,Region & Income Avg,0.26572973,Region & Income Avg,0.26572973,Region & Income Avg
Australia,East Asia & Pacific,WPRO,High income,0.349076923,Region & Income Avg,0.361333333,Region & Income Avg,0.279,Existing Data,0.956,Region & Income Avg,0.055,International average,0.228333333,Region & Income Avg,0.26572973,Region & Income Avg,0.26572973,Region & Income Avg
Austria,Europe & Central Asia,EURO,High income,0.349076923,Region & Income Avg,0.040666667,Region & Income Avg,0.61675,Region & Income Avg,0.656,International average,0.055,International average,0.404630435,International average,0.26572973,Region & Income Avg,0.26572973,Region & Income Avg
Azerbaijan,Europe & Central Asia,EURO,Upper middle income,0.016,Existing Data,0.031,Existing Data,0.61675,Region & Income Avg,0.656,International average,0.055,International average,0.404630435,International average,0.26572973,Region & Income Avg,0.26572973,Region & Income Avg
"Bahamas, The",Latin America & Caribbean,AMRO,High income,0.349076923,Region & Income Avg,0.087833333,Region & Income Avg,1,Region & Income Avg,1,Region & Income Avg,0.055,International average,0.2305,Region & Income Avg,0.26572973,Region & Income Avg,0.26572973,Region & Income Avg
Bahrain,Middle East & North Africa,EMRO,High income,0.349076923,Region & Income Avg,0.0335,Region & Income Avg,0.761,Region & Income Avg,0.656,International average,0.055,International average,0.0225,Income Group Avg,0.26572973,Region & Income Avg,0.26572973,Region & Income Avg
Bangladesh,South Asia,SERO,Lower middle income,0.46,Existing Data,0.404666667,Region & Income Avg,0.368,Region & Income Avg,0.012,Existing Data,0.055,International average,0.042,Region & Income Avg,0.26572973,Region & Income Avg,0.26572973,Region & Income Avg
Barbados,Latin America & Caribbean,AMRO,High income,0.349076923,Region & Income Avg,0.087833333,Region & Income Avg,1,Region & Income Avg,1,Region & Income Avg,0.055,International average,0.2305,Region & Income Avg,0.26572973,Region & Income Avg,0.26572973,Region & Income Avg
Belarus,Europe & Central Asia,EURO,Upper middle income,0.349076923,Region & Income Avg,0.040666667,Region & Income Avg,0.61675,Region & Income Avg,0.656,International average,0.055,International average,0.404630435,International average,0.26572973,Region & Income Avg,0.26572973,Region & Income Avg
Belgium,Europe & Central Asia,EURO,High income,0.349076923,Region & Income Avg,0.040666667,Region & Income Avg,0.61675,Region & Income Avg,0.656,International average,0.055,International average,0.404630435,International average,0.26572973,Region & Income Avg,0.26572973,Region & Income Avg
Belize,Latin America & Caribbean,AMRO,Upper middle income,0.349076923,Region & Income Avg,0.087833333,Region & Income Avg,1,Region & Income Avg,1,Region & Income Avg,0.055,International average,0.2305,Region & Income Avg,0.26572973,Region & Income Avg,0.26572973,Region & Income Avg
Benin,Sub-Saharan Africa,AFRO,Lower middle income,0.471,Existing Data,0.646,Existing Data,0.309333333,Region & Income Avg,0.656,International average,0.055,Region & Income Avg,0.793,Existing Data,0.137,Existing Data,0.137,Existing Data
Bermuda,North America,AMRO,High income,0.349076923,Region & Income Avg,0.087833333,Income Group Avg,1,Income Group Avg,1,Income Group Avg,0.055,International average,0.2305,Income Group Avg,0.26572973,Region & Income Avg,0.26572973,Region & Income Avg
Bhutan,South Asia,SERO,Lower middle income,0.349076923,Region & Income Avg,0.404666667,Region & Income Avg,0.368,Region & Income Avg,0.012,Region & Income Avg,0.055,International average,0.042,Region & Income Avg,0.26572973,Region & Income Avg,0.26572973,Region & Income Avg
Bolivia,Latin America & Caribbean,AMRO,Lower middle income,0.252,Existing Data,0.087833333,Region & Income Avg,1,Region & Income Avg,1,Region & Income Avg,0.055,International average,0.2305,Region & Income Avg,0.26572973,Region & Income Avg,0.26572973,Region & Income Avg
Bosnia and Herzegovina,Europe & Central Asia,EURO,Upper middle income,0.349076923,Region & Income Avg,0.040666667,Region & Income Avg,0.61675,Region & Income Avg,0.656,International average,0.055,International average,0.404630435,International average,0.26572973,Region & Income Avg,0.26572973,Region & Income Avg
Botswana,Sub-Saharan Africa,AFRO,Upper middle income,0.349076923,Region & Income Avg,0.47440625,Region & Income Avg,0.309333333,Region & Income Avg,0.656,International average,0.055,Region & Income Avg,0.465125,Region & Income Avg,0.26572973,Region & Income Avg,0.26572973,Region & Income Avg
Brazil,Latin America & Caribbean,AMRO,Upper middle income,0.349076923,Region & Income Avg,0.087833333,Region & Income Avg,1,Region & Income Avg,1,Region & Income Avg,0.055,International average,0.2305,Region & Income Avg,0.26572973,Region & Income Avg,0.26572973,Region & Income Avg
British Virgin Islands,Latin America & Caribbean,AMRO,High income,0.349076923,Region & Income Avg,0.087833333,Region & Income Avg,1,Region & Income Avg,1,Region & Income Avg,0.055,International average,0.2305,Region & Income Avg,0.26572973,Region & Income Avg,0.26572973,Region & Income Avg
Brunei Darussalam,East Asia & Pacific,WPRO,High income,0.349076923,Region & Income Avg,0.361333333,Region & Income Avg,0.279,Region & Income Avg,0.956,Region & Income Avg,0.055,International average,0.228333333,Region & Income Avg,0.26572973,Region & Income Avg,0.26572973,Region & Income Avg
Bulgaria,Europe & Central Asia,EURO,Upper middle income,0.349076923,Region & Income Avg,0.040666667,Region & Income Avg,0.61675,Region & Income Avg,0.656,International average,0.055,International average,0.404630435,International average,0.26572973,Region & Income Avg,0.26572973,Region & Income Avg
Burkina Faso,Sub-Saharan Africa,AFRO,Low income,0.537,Existing Data,0.632,Existing Data,0.309333333,Region & Income Avg,0.656,International average,0.055,Region & Income Avg,0.71,Existing Data,0.568,Existing Data,0.568,Existing Data
Burundi,Sub-Saharan Africa,AFRO,Low income,0.014,Existing Data,0.664,Existing Data,0.309333333,Region & Income Avg,0.656,International average,0.055,Region & Income Avg,0.439,Existing Data,0.129,Existing Data,0.129,Existing Data
Cabo Verde,Sub-Saharan Africa,AFRO,Lower middle income,0.349076923,Region & Income Avg,0.47440625,Region & Income Avg,0.309333333,Region & Income Avg,0.656,International average,0.055,Region & Income Avg,0.465125,Region & Income Avg,0.346,Existing Data,0.346,Existing Data
Cambodia,East Asia & Pacific,WPRO,Lower middle income,0.89,Existing Data,0.47440625,Region & Income Avg,0.279,Region & Income Avg,0.956,Region & Income Avg,0.055,International average,0.041,Existing Data,0.26572973,Region & Income Avg,0.26572973,Region & Income Avg
Cameroon,Sub-Saharan Africa,AFRO,Lower middle income,0.492,Existing Data,0.822,Existing Data,0.309333333,Region & Income Avg,0.656,International average,0.055,Region & Income Avg,0.628,Existing Data,0.458,Existing Data,0.458,Existing Data
Canada,North America,AMRO,High income,0.349076923,Region & Income Avg,0.311,Existing Data,1,Income Group Avg,1,Income Group Avg,0.055,International average,0.2305,Income Group Avg,0.26572973,Region & Income Avg,0.26572973,Region & Income Avg
Cayman Islands,Latin America & Caribbean,AMRO,High income,0.349076923,Region & Income Avg,0.087833333,Income Group Avg,1,Region & Income Avg,1,Region & Income Avg,0.055,International average,0.2305,Region & Income Avg,0.26572973,Region & Income Avg,0.26572973,Region & Income Avg
Central African Republic,Sub-Saharan Africa,AFRO,Low income,0.349076923,Region & Income Avg,0.087833333,Region & Income Avg,0.309333333,Region & Income Avg,0.656,International average,0.055,Region & Income Avg,0.465125,Region & Income Avg,0.26572973,Region & Income Avg,0.26572973,Region & Income Avg
Chad,Sub-Saharan Africa,AFRO,Low income,0.11,Existing Data,0.47440625,Region & Income Avg,0.309333333,Region & Income Avg,0.656,International average,0.055,Region & Income Avg,0.347,Existing Data,0.085,Existing Data,0.085,Existing Data
Channel Islands,Europe & Central Asia,EURO,High income,0.349076923,Region & Income Avg,0.233,Existing Data,0.61675,Region & Income Avg,0.656,International average,0.055,International average,0.404630435,International average,0.26572973,Region & Income Avg,0.26572973,Region & Income Avg
Chile,Latin America & Caribbean,AMRO,High income,0.349076923,Region & Income Avg,0.040666667,Region & Income Avg,1,Region & Income Avg,1,Region & Income Avg,0.055,International average,0.2305,Region & Income Avg,0.26572973,Region & Income Avg,0.26572973,Region & Income Avg
China,East Asia & Pacific,WPRO,Upper middle income,0.349076923,Region & Income Avg,0.087833333,Region & Income Avg,0.279,Region & Income Avg,0.956,Region & Income Avg,0.055,International average,0.228333333,Region & Income Avg,0.26572973,Region & Income Avg,0.26572973,Region & Income Avg
Colombia,Latin America & Caribbean,AMRO,Upper middle income,0.349076923,Region & Income Avg,0.361333333,Region & Income Avg,1,Region & Income Avg,1,Region & Income Avg,0.055,International average,0.2305,Region & Income Avg,0.26572973,Region & Income Avg,0.26572973,Region & Income Avg
Comoros,Sub-Saharan Africa,AFRO,Lower middle income,0.126,Existing Data,0.087833333,Region & Income Avg,0.309333333,Region & Income Avg,0.656,International average,0.055,Region & Income Avg,0.444,Existing Data,0.11,Existing Data,0.11,Existing Data
"Congo, Dem. Rep.",Sub-Saharan Africa,AFRO,Low income,0.429,Existing Data,0.624,Existing Data,0.309333333,Region & Income Avg,0.656,International average,0.055,Region & Income Avg,0.267,Existing Data,0.121,Existing Data,0.121,Existing Data
Congo,Sub-Saharan Africa,AFRO,Lower middle income,0.047,Existing Data,0.858,Existing Data,0.309333333,Region & Income Avg,0.656,International average,0.055,Region & Income Avg,0.465125,Region & Income Avg,0.057,Existing Data,0.057,Existing Data
Costa Rica,Latin America & Caribbean,AMRO,Upper middle income,0.349076923,Region & Income Avg,0.47440625,Region & Income Avg,1,Existing Data,1,Existing Data,0.055,International average,0.2305,Region & Income Avg,0.26572973,Region & Income Avg,0.26572973,Region & Income Avg
Côte d’Ivoire,Sub-Saharan Africa,AFRO,Lower middle income,0.284,Existing Data,0.087833333,Region & Income Avg,0.309333333,Region & Income Avg,0.656,International average,0.055,Region & Income Avg,0.465125,Region & Income Avg,0.26572973,Region & Income Avg,0.26572973,Region & Income Avg
Croatia,Europe & Central Asia,EURO,High income,0.349076923,Region & Income Avg,0.040666667,Region & Income Avg,0.61675,Region & Income Avg,0.656,International average,0.055,International average,0.404630435,International average,0.26572973,Region & Income Avg,0.26572973,Region & Income Avg
Cuba,Latin America & Caribbean,AMRO,Upper middle income,0.349076923,Region & Income Avg,0.087833333,Region & Income Avg,1,Region & Income Avg,1,Region & Income Avg,0.055,International average,0.2305,Region & Income Avg,0.26572973,Region & Income Avg,0.26572973,Region & Income Avg
Curaçao,Latin America & Caribbean,AMRO,High income,0.349076923,Region & Income Avg,0.087833333,Region & Income Avg,1,Region & Income Avg,1,Region & Income Avg,0.055,International average,0.2305,Region & Income Avg,0.26572973,Region & Income Avg,0.26572973,Region & Income Avg
Cyprus,Europe & Central Asia,EURO,High income,0.349076923,Region & Income Avg,0.040666667,Region & Income Avg,0.61675,Region & Income Avg,0.656,International average,0.055,International average,0.404630435,International average,0.26572973,Region & Income Avg,0.26572973,Region & Income Avg
Czech Republic,Europe & Central Asia,EURO,High income,0.349076923,Region & Income Avg,0.040666667,Region & Income Avg,0.61675,Region & Income Avg,0.656,International average,0.055,International average,0.404630435,International average,0.26572973,Region & Income Avg,0.26572973,Region & Income Avg
Denmark,Europe & Central Asia,EURO,High income,0.349076923,Region & Income Avg,0.040666667,Region & Income Avg,0.61675,Region & Income Avg,0.656,International average,0.055,International average,0.404630435,International average,0.26572973,Region & Income Avg,0.26572973,Region & Income Avg
Djibouti,Middle East & North Africa,EMRO,Lower middle income,0.349076923,Region & Income Avg,0.0335,Region & Income Avg,0.761,Region & Income Avg,0.656,International average,0.055,International average,0.0225,Income Group Avg,0.26572973,Region & Income Avg,0.26572973,Region & Income Avg
Dominica,Latin America & Caribbean,AMRO,Upper middle income,0.349076923,Region & Income Avg,0.087833333,Region & Income Avg,1,Region & Income Avg,1,Region & Income Avg,0.055,International average,0.2305,Region & Income Avg,0.26572973,Region & Income Avg,0.26572973,Region & Income Avg
Dominican Republic,Latin America & Caribbean,AMRO,Upper middle income,0.815,Existing Data,0.106,Existing Data,1,Region & Income Avg,1,Region & Income Avg,0.055,International average,0.2305,Region & Income Avg,0.26572973,Region & Income Avg,0.26572973,Region & Income Avg
Ecuador,Latin America & Caribbean,AMRO,Upper middle income,0.349076923,Region & Income Avg,0.087833333,Region & Income Avg,1,Region & Income Avg,1,Region & Income Avg,0.055,International average,0.2305,Region & Income Avg,0.26572973,Region & Income Avg,0.26572973,Region & Income Avg
"Egypt, Arab Rep.",Middle East & North Africa,EMRO,Lower middle income,0.361,Existing Data,0.033,Existing Data,0.761,Region & Income Avg,0.656,International average,0.055,International average,0.0225,Income Group Avg,0.26572973,Region & Income Avg,0.26572973,Region & Income Avg
El Salvador,Latin America & Caribbean,AMRO,Lower middle income,0.349076923,Region & Income Avg,0.087833333,Region & Income Avg,1,Region & Income Avg,1,Region & Income Avg,0.055,International average,0.2305,Region & Income Avg,0.26572973,Region & Income Avg,0.26572973,Region & Income Avg
Equatorial Guinea,Sub-Saharan Africa,AFRO,Upper middle income,0.349076923,Region & Income Avg,0.47440625,Region & Income Avg,0.309333333,Region & Income Avg,0.656,International average,0.055,Region & Income Avg,0.465125,Region & Income Avg,0.26572973,Region & Income Avg,0.26572973,Region & Income Avg
Eritrea,Sub-Saharan Africa,AFRO,Low income,0.349076923,Region & Income Avg,0.47440625,Region & Income Avg,0.309333333,Region & Income Avg,0.656,International average,0.055,Region & Income Avg,0.465125,Region & Income Avg,0.26572973,Region & Income Avg,0.26572973,Region & Income Avg
Estonia,Europe & Central Asia,EURO,High income,0.349076923,Region & Income Avg,0.040666667,Region & Income Avg,0.61675,Region & Income Avg,0.656,International average,0.055,International average,0.404630435,International average,0.26572973,Region & Income Avg,0.26572973,Region & Income Avg
Eswatini,Sub-Saharan Africa,AFRO,Lower middle income,0.335,Existing Data,0.104,Existing Data,0.309333333,Region & Income Avg,0.656,International average,0.055,Region & Income Avg,0.009,Existing Data,0.005,Existing Data,0.005,Existing Data
Ethiopia,Sub-Saharan Africa,AFRO,Low income,0.106,Existing Data,0.057,Existing Data,0.309333333,Region & Income Avg,0.656,International average,0.055,Region & Income Avg,0.011,Existing Data,0.007,Existing Data,0.007,Existing Data
Faroe Islands,Europe & Central Asia,EURO,High income,0.349076923,Region & Income Avg,0.040666667,Region & Income Avg,0.61675,Region & Income Avg,0.656,International average,0.055,International average,0.404630435,International average,0.26572973,Region & Income Avg,0.26572973,Region & Income Avg
Fiji,East Asia & Pacific,WPRO,Upper middle income,0.349076923,Region & Income Avg,0.361333333,Region & Income Avg,0.279,Region & Income Avg,0.956,Region & Income Avg,0.055,International average,0.228333333,Region & Income Avg,0.26572973,Region & Income Avg,0.26572973,Region & Income Avg
Finland,Europe & Central Asia,EURO,High income,0.349076923,Region & Income Avg,0.040666667,Region & Income Avg,0.61675,Region & Income Avg,0.656,International average,0.055,International average,0.404630435,International average,0.26572973,Region & Income Avg,0.26572973,Region & Income Avg
France,Europe & Central Asia,EURO,High income,0.349076923,Region & Income Avg,0.040666667,Region & Income Avg,0.61675,Region & Income Avg,0.656,International average,0.055,International average,0.404630435,International average,0.26572973,Region & Income Avg,0.26572973,Region & Income Avg
French Polynesia,East Asia & Pacific,WPRO,High income,0.349076923,Region & Income Avg,0.361333333,Region & Income Avg,0.279,Region & Income Avg,0.956,Region & Income Avg,0.055,International average,0.228333333,Region & Income Avg,0.26572973,Region & Income Avg,0.26572973,Region & Income Avg
Gabon,Sub-Saharan Africa,AFRO,Upper middle income,0.394,Existing Data,0.814,Existing Data,0.309333333,Region & Income Avg,0.656,International average,0.055,Region & Income Avg,0.144,Existing Data,0.379,Existing Data,0.379,Existing Data
"Gambia, The",Sub-Saharan Africa,AFRO,Low income,0.58,Existing Data,0.406,Existing Data,0.309333333,Region & Income Avg,0.656,International average,0.055,Region & Income Avg,0.442,Existing Data,0.522,Existing Data,0.522,Existing Data
Georgia,Europe & Central Asia,EURO,Upper middle income,0.349076923,Region & Income Avg,0.040666667,Region & Income Avg,0.61675,Region & Income Avg,0.656,International average,0.055,International average,0.404630435,International average,0.26572973,Region & Income Avg,0.26572973,Region & Income Avg
Germany,Europe & Central Asia,EURO,High income,0.349076923,Region & Income Avg,0.040666667,Region & Income Avg,0.61675,Region & Income Avg,0.656,International average,0.055,International average,0.404630435,International average,0.26572973,Region & Income Avg,0.26572973,Region & Income Avg
Ghana,Sub-Saharan Africa,AFRO,Lower middle income,0.594,Existing Data,0.394,Existing Data,0.309333333,Region & Income Avg,0.656,International average,0.055,Region & Income Avg,0.477,Existing Data,0.602,Existing Data,0.602,Existing Data
Gibraltar,Europe & Central Asia,EURO,High income,0.349076923,Region & Income Avg,0.040666667,Region & Income Avg,0.61675,Region & Income Avg,0.656,International average,0.055,International average,0.404630435,International average,0.26572973,Region & Income Avg,0.26572973,Region & Income Avg
Greece,Europe & Central Asia,EURO,High income,0.349076923,Region & Income Avg,0.040666667,Region & Income Avg,0.61675,Region & Income Avg,0.656,International average,0.055,International average,0.404630435,International average,0.26572973,Region & Income Avg,0.26572973,Region & Income Avg
Greenland,Europe & Central Asia,EURO,High income,0.349076923,Region & Income Avg,0.040666667,Region & Income Avg,0.61675,Region & Income Avg,0.656,International average,0.055,International average,0.404630435,International average,0.26572973,Region & Income Avg,0.26572973,Region & Income Avg
Grenada,Latin America & Caribbean,AMRO,Upper middle income,0.349076923,Region & Income Avg,0.087833333,Region & Income Avg,1,Region & Income Avg,1,Region & Income Avg,0.055,International average,0.2305,Region & Income Avg,0.26572973,Region & Income Avg,0.26572973,Region & Income Avg
Guam,East Asia & Pacific,WPRO,High income,0.349076923,Region & Income Avg,0.361333333,Region & Income Avg,0.279,Region & Income Avg,0.956,Region & Income Avg,0.055,International average,0.228333333,Region & Income Avg,0.26572973,Region & Income Avg,0.26572973,Region & Income Avg
Guatemala,Latin America & Caribbean,AMRO,Upper middle income,0.293,Existing Data,0.063,Existing Data,1,Region & Income Avg,1,Region & Income Avg,0.055,International average,0.2305,Region & Income Avg,0.26572973,Region & Income Avg,0.26572973,Region & Income Avg
Guinea,Sub-Saharan Africa,AFRO,Low income,0.236,Existing Data,0.387,Existing Data,0.309333333,Region & Income Avg,0.656,International average,0.055,Region & Income Avg,0.394,Existing Data,0.503,Existing Data,0.503,Existing Data
Guinea-Bissau,Sub-Saharan Africa,AFRO,Low income,0.349076923,Region & Income Avg,0.47440625,Region & Income Avg,0.309333333,Region & Income Avg,0.656,International average,0.055,Region & Income Avg,0.465125,Region & Income Avg,0.26572973,Region & Income Avg,0.26572973,Region & Income Avg
Guyana,Latin America & Caribbean,AMRO,Upper middle income,0.342,Existing Data,0.172,Existing Data,1,Region & Income Avg,1,Region & Income Avg,0.055,International average,0.301,Existing Data,0.001,Existing Data,0.001,Existing Data
Haiti,Latin America & Caribbean,AMRO,Lower middle income,0.432,Existing Data,0.098,Existing Data,1,Region & Income Avg,1,Region & Income Avg,0.055,International average,0.16,Existing Data,0.26572973,Region & Income Avg,0.26572973,Region & Income Avg
Honduras,Latin America & Caribbean,AMRO,Lower middle income,0.374,Existing Data,0.06,Existing Data,1,Region & Income Avg,1,Region & Income Avg,0.055,International average,0.2305,Region & Income Avg,0.26572973,Region & Income Avg,0.26572973,Region & Income Avg
"Hong Kong SAR, China",East Asia & Pacific,WPRO,High income,0.349076923,Region & Income Avg,0.361333333,Region & Income Avg,0.279,Region & Income Avg,0.956,Region & Income Avg,0.055,International average,0.228333333,Region & Income Avg,0.26572973,Region & Income Avg,0.26572973,Region & Income Avg
Hungary,Europe & Central Asia,EURO,High income,0.349076923,Region & Income Avg,0.040666667,Region & Income Avg,0.61675,Region & Income Avg,0.656,International average,0.055,International average,0.404630435,International average,0.26572973,Region & Income Avg,0.26572973,Region & Income Avg
Iceland,Europe & Central Asia,EURO,High income,0.349076923,Region & Income Avg,0.040666667,Region & Income Avg,0.61675,Region & Income Avg,0.656,International average,0.055,International average,0.404630435,International average,0.26572973,Region & Income Avg,0.26572973,Region & Income Avg
India,South Asia,SERO,Lower middle income,0.525,Existing Data,0.311,Existing Data,0.368,Region & Income Avg,0.012,Region & Income Avg,0.055,International average,0.042,Existing Data,0.26572973,Region & Income Avg,0.26572973,Region & Income Avg
Indonesia,East Asia & Pacific,SERO,Lower middle income,0.439,Existing Data,0.3565,Region & Income Avg,0.279,Region Avg,0.956,Region Avg,0.055,International average,0.025,Existing Data,0.26572973,Region & Income Avg,0.26572973,Region & Income Avg
Iran (Islamic Republic of),Middle East & North Africa,EMRO,Lower middle income,0.349076923,Region & Income Avg,0.0335,Region & Income Avg,0.761,Region & Income Avg,0.656,International average,0.055,International average,0.0225,Income Group Avg,0.26572973,Region & Income Avg,0.26572973,Region & Income Avg
Iraq,Middle East & North Africa,EMRO,Upper middle income,0.349076923,Region & Income Avg,0.0335,Region & Income Avg,0.761,Region & Income Avg,0.656,International average,0.055,International average,0.0225,Income Group Avg,0.26572973,Region & Income Avg,0.26572973,Region & Income Avg
Ireland,Europe & Central Asia,EURO,High income,0.349076923,Region & Income Avg,0.040666667,Region & Income Avg,0.61675,Region & Income Avg,0.656,International average,0.055,International average,0.404630435,International average,0.26572973,Region & Income Avg,0.26572973,Region & Income Avg
Isle of Man,Europe & Central Asia,EURO,High income,0.349076923,Region & Income Avg,0.040666667,Region & Income Avg,0.61675,Region & Income Avg,0.656,International average,0.055,International average,0.404630435,International average,0.26572973,Region & Income Avg,0.26572973,Region & Income Avg
Israel,Middle East & North Africa,EURO,High income,0.349076923,Region & Income Avg,0.0335,Region Avg,0.761,Region Avg,0.656,International average,0.055,International average,0.404630435,International average,0.26572973,Region & Income Avg,0.26572973,Region & Income Avg
Italy,Europe & Central Asia,EURO,High income,0.349076923,Region & Income Avg,0.040666667,Region & Income Avg,0.61675,Region & Income Avg,0.656,International average,0.055,International average,0.404630435,International average,0.26572973,Region & Income Avg,0.26572973,Region & Income Avg
Jamaica,Latin America & Caribbean,AMRO,Upper middle income,0.349076923,Region & Income Avg,0.087833333,Region & Income Avg,1,Region & Income Avg,1,Region & Income Avg,0.055,International average,0.2305,Region & Income Avg,0.26572973,Region & Income Avg,0.26572973,Region & Income Avg
Japan,East Asia & Pacific,WPRO,High income,0.349076923,Region & Income Avg,0.361333333,Region & Income Avg,0.279,Region & Income Avg,0.956,Region & Income Avg,0.055,International average,0.228333333,Region & Income Avg,0.26572973,Region & Income Avg,0.26572973,Region & Income Avg
Jordan,Middle East & North Africa,EMRO,Upper middle income,0.489,Existing Data,0.0335,Region & Income Avg,0.761,Region & Income Avg,0.656,International average,0.055,International average,0.0225,Income Group Avg,0.26572973,Region & Income Avg,0.26572973,Region & Income Avg
Kazakhstan,Europe & Central Asia,EURO,Upper middle income,0.349076923,Region & Income Avg,0.040666667,Region & Income Avg,0.407,Existing Data,0.656,International average,0.055,International average,0.404630435,International average,0.26572973,Region & Income Avg,0.26572973,Region & Income Avg
Kenya,Sub-Saharan Africa,AFRO,Lower middle income,0.536,Existing Data,0.287,Existing Data,0.309333333,Region & Income Avg,0.656,International average,0.055,Region & Income Avg,0.449,Existing Data,0.125,Existing Data,0.125,Existing Data
Kiribati,East Asia & Pacific,WPRO,Lower middle income,0.349076923,Region & Income Avg,0.361333333,Region & Income Avg,0.279,Region & Income Avg,0.956,Region & Income Avg,0.055,International average,0.228333333,Region & Income Avg,0.26572973,Region & Income Avg,0.26572973,Region & Income Avg
"Korea, Dem. People's Rep.",East Asia & Pacific,SERO,Low income,0.349076923,Region & Income Avg,0.3565,Region & Income Avg,0.279,Region Avg,0.956,Region Avg,0.055,International average,0.27,Region & Income Avg,0.26572973,Region & Income Avg,0.26572973,Region & Income Avg
"Korea, Rep.",East Asia & Pacific,WPRO,High income,0.349076923,Region & Income Avg,0.361333333,Region & Income Avg,0.279,Region & Income Avg,0.956,Region & Income Avg,0.055,International average,0.228333333,Region & Income Avg,0.26572973,Region & Income Avg,0.26572973,Region & Income Avg
Kosovo,Europe & Central Asia,EURO,Upper middle income,0.349076923,Region & Income Avg,0.040666667,Region & Income Avg,0.61675,Region & Income Avg,0.656,International average,0.055,International average,0.404630435,International average,0.26572973,Region & Income Avg,0.26572973,Region & Income Avg
Kuwait,Middle East & North Africa,EMRO,High income,0.349076923,Region & Income Avg,0.0335,Region & Income Avg,0.761,Region & Income Avg,0.656,International average,0.055,International average,0.0225,Income Group Avg,0.26572973,Region & Income Avg,0.26572973,Region & Income Avg
Kyrgyz Republic,Europe & Central Asia,EURO,Lower middle income,0.023,Existing Data,0.078,Existing Data,0.61675,Region & Income Avg,0.656,International average,0.055,International average,0.404630435,International average,0.26572973,Region & Income Avg,0.26572973,Region & Income Avg
Lao PDR,East Asia & Pacific,WPRO,Lower middle income,0.349076923,Region & Income Avg,0.361333333,Region & Income Avg,0.279,Region & Income Avg,0.956,Region & Income Avg,0.055,International average,0.228333333,Region & Income Avg,0.26572973,Region & Income Avg,0.26572973,Region & Income Avg
Latvia,Europe & Central Asia,EURO,High income,0.349076923,Region & Income Avg,0.040666667,Region & Income Avg,0.61675,Region & Income Avg,0.656,International average,0.055,International average,0.404630435,International average,0.26572973,Region & Income Avg,0.26572973,Region & Income Avg
Lebanon,Middle East & North Africa,EMRO,Lower middle income,0.349076923,Region & Income Avg,0.0335,Region & Income Avg,0.761,Region & Income Avg,0.656,International average,0.055,International average,0.0225,Income Group Avg,0.26572973,Region & Income Avg,0.26572973,Region & Income Avg
Lesotho,Sub-Saharan Africa,AFRO,Lower middle income,0.514,Existing Data,0.47440625,Region & Income Avg,0.309333333,Region & Income Avg,0.656,International average,0.055,Region & Income Avg,0.465125,Region & Income Avg,0.26572973,Region & Income Avg,0.26572973,Region & Income Avg
Liberia,Sub-Saharan Africa,AFRO,Low income,0.43,Existing Data,0.638,Existing Data,0.309333333,Region & Income Avg,0.656,International average,0.055,Region & Income Avg,0.526,Existing Data,0.626,Existing Data,0.626,Existing Data
Libya,Middle East & North Africa,EMRO,Upper middle income,0.349076923,Region & Income Avg,0.0335,Region & Income Avg,0.761,Region & Income Avg,0.656,International average,0.055,International average,0.0225,Income Group Avg,0.26572973,Region & Income Avg,0.26572973,Region & Income Avg
Liechtenstein,Europe & Central Asia,EURO,High income,0.349076923,Region & Income Avg,0.040666667,Region & Income Avg,0.61675,Region & Income Avg,0.656,International average,0.055,International average,0.404630435,International average,0.26572973,Region & Income Avg,0.26572973,Region & Income Avg
Lithuania,Europe & Central Asia,EURO,High income,0.349076923,Region & Income Avg,0.040666667,Region & Income Avg,0.61675,Region & Income Avg,0.656,International average,0.055,International average,0.404630435,International average,0.26572973,Region & Income Avg,0.26572973,Region & Income Avg
Luxembourg,Europe & Central Asia,EURO,High income,0.349076923,Region & Income Avg,0.040666667,Region & Income Avg,0.61675,Region & Income Avg,0.656,International average,0.055,International average,0.404630435,International average,0.26572973,Region & Income Avg,0.26572973,Region & Income Avg
"Macao SAR, China",East Asia & Pacific,WPRO,High income,0.349076923,Region & Income Avg,0.361333333,Region & Income Avg,0.279,Region & Income Avg,0.956,Region & Income Avg,0.055,International average,0.228333333,Region & Income Avg,0.26572973,Region & Income Avg,0.26572973,Region & Income Avg
Madagascar,Sub-Saharan Africa,AFRO,Low income,0.201,Existing Data,0.638,Existing Data,0.309333333,Region & Income Avg,0.656,International average,0.055,Region & Income Avg,0.549,Existing Data,0.31,Existing Data,0.31,Existing Data
Malawi,Sub-Saharan Africa,AFRO,Low income,0.334,Existing Data,0.516,Existing Data,0.309333333,Region & Income Avg,0.656,International average,0.055,Region & Income Avg,0.625,Existing Data,0.411,Existing Data,0.411,Existing Data
Malaysia,East Asia & Pacific,WPRO,Upper middle income,0.349076923,Region & Income Avg,0.361333333,Region & Income Avg,0.279,Region & Income Avg,0.956,Region & Income Avg,0.055,International average,0.228333333,Region & Income Avg,0.26572973,Region & Income Avg,0.26572973,Region & Income Avg
Maldives,South Asia,SERO,Upper middle income,0.463,Existing Data,0.146,Existing Data,0.368,Region & Income Avg,0.012,Region & Income Avg,0.055,International average,0.042,Region & Income Avg,0.26572973,Region & Income Avg,0.26572973,Region & Income Avg
Mali,Sub-Saharan Africa,AFRO,Low income,0.28,Existing Data,0.499,Existing Data,0.309333333,Region & Income Avg,0.656,International average,0.055,Region & Income Avg,0.759,Existing Data,0.344,Existing Data,0.344,Existing Data
Malta,Middle East & North Africa,EURO,High income,0.349076923,Region & Income Avg,0.0335,Region Avg,0.761,Region Avg,0.656,International average,0.055,International average,0.404630435,International average,0.26572973,Region & Income Avg,0.26572973,Region & Income Avg
Marshall Islands,East Asia & Pacific,WPRO,Upper middle income,0.349076923,Region & Income Avg,0.361333333,Region & Income Avg,0.279,Region & Income Avg,0.956,Region & Income Avg,0.055,International average,0.228333333,Region & Income Avg,0.26572973,Region & Income Avg,0.26572973,Region & Income Avg
Mauritania,Sub-Saharan Africa,AFRO,Lower middle income,0.286,Existing Data,0.47440625,Region & Income Avg,0.309333333,Region & Income Avg,0.656,International average,0.055,Region & Income Avg,0.117,Existing Data,0.102,Existing Data,0.102,Existing Data
Mauritius,Sub-Saharan Africa,AFRO,Upper middle income,0.349076923,Region & Income Avg,0.47440625,Region & Income Avg,0.309333333,Region & Income Avg,0.656,International average,0.055,Region & Income Avg,0.465125,Region & Income Avg,0.26572973,Region & Income Avg,0.26572973,Region & Income Avg
Mexico,Latin America & Caribbean,AMRO,Upper middle income,0.349076923,Region & Income Avg,0.087833333,Region & Income Avg,1,Region & Income Avg,1,Region & Income Avg,0.055,International average,0.2305,Region & Income Avg,0.26572973,Region & Income Avg,0.26572973,Region & Income Avg
"Micronesia, Fed. Sts.",East Asia & Pacific,WPRO,Lower middle income,0.349076923,Region & Income Avg,0.361333333,Region & Income Avg,0.279,Region & Income Avg,0.956,Region & Income Avg,0.055,International average,0.228333333,Region & Income Avg,0.26572973,Region & Income Avg,0.26572973,Region & Income Avg
Moldova,Europe & Central Asia,EURO,Upper middle income,0.349076923,Region & Income Avg,0.040666667,Region & Income Avg,0.61675,Region & Income Avg,0.656,International average,0.055,International average,0.404630435,International average,0.26572973,Region & Income Avg,0.26572973,Region & Income Avg
Monaco,Europe & Central Asia,EURO,High income,0.349076923,Region & Income Avg,0.040666667,Region & Income Avg,0.61675,Region & Income Avg,0.656,International average,0.055,International average,0.404630435,International average,0.26572973,Region & Income Avg,0.26572973,Region & Income Avg
Mongolia,East Asia & Pacific,WPRO,Lower middle income,0.349076923,Region & Income Avg,0.361333333,Region & Income Avg,0.279,Region & Income Avg,0.956,Region & Income Avg,0.055,International average,0.228333333,Region & Income Avg,0.26572973,Region & Income Avg,0.26572973,Region & Income Avg
Montenegro,Europe & Central Asia,EURO,Upper middle income,0.349076923,Region & Income Avg,0.040666667,Region & Income Avg,0.61675,Region & Income Avg,0.656,International average,0.055,International average,0.404630435,International average,0.26572973,Region & Income Avg,0.26572973,Region & Income Avg
Morocco,Middle East & North Africa,EMRO,Lower middle income,0.349076923,Region & Income Avg,0.0335,Region & Income Avg,0.761,Region & Income Avg,0.656,International average,0.055,International average,0.0225,Income Group Avg,0.26572973,Region & Income Avg,0.26572973,Region & Income Avg
Mozambique,Sub-Saharan Africa,AFRO,Low income,0.259,Existing Data,0.283,Existing Data,0.309333333,Region & Income Avg,0.656,International average,0.055,Region & Income Avg,0.764,Existing Data,0.253,Existing Data,0.253,Existing Data
Myanmar,East Asia & Pacific,SERO,Lower middle income,0.593,Existing Data,0.553,Existing Data,0.279,Region Avg,0.956,Region Avg,0.055,International average,0.184,Existing Data,0.26572973,Region & Income Avg,0.26572973,Region & Income Avg
Namibia,Sub-Saharan Africa,AFRO,Upper middle income,0.385,Existing Data,0.069,Existing Data,0.309333333,Region & Income Avg,0.656,International average,0.055,Region & Income Avg,0.036,Existing Data,0.034,Existing Data,0.034,Existing Data
Nauru,East Asia & Pacific,WPRO,High income,0.349076923,Region & Income Avg,0.361333333,Region & Income Avg,0.279,Region & Income Avg,0.956,Region & Income Avg,0.055,International average,0.228333333,Region & Income Avg,0.26572973,Region & Income Avg,0.26572973,Region & Income Avg
Nepal,South Asia,SERO,Lower middle income,0.861,Existing Data,0.757,Existing Data,0.368,Existing Data,0.012,Region & Income Avg,0.055,International average,0.042,Region & Income Avg,0.26572973,Region & Income Avg,0.26572973,Region & Income Avg
Netherlands,Europe & Central Asia,EURO,High income,0.349076923,Region & Income Avg,0.040666667,Region & Income Avg,0.61675,Region & Income Avg,0.656,International average,0.055,International average,0.404630435,International average,0.26572973,Region & Income Avg,0.26572973,Region & Income Avg
New Caledonia,East Asia & Pacific,WPRO,High income,0.349076923,Region & Income Avg,0.361333333,Region & Income Avg,0.279,Region & Income Avg,0.956,Region & Income Avg,0.055,International average,0.228333333,Region & Income Avg,0.26572973,Region & Income Avg,0.26572973,Region & Income Avg
New Zealand,East Asia & Pacific,WPRO,High income,0.349076923,Region & Income Avg,0.361333333,Region & Income Avg,0.279,Region & Income Avg,0.956,Region & Income Avg,0.055,International average,0.228333333,Region & Income Avg,0.26572973,Region & Income Avg,0.26572973,Region & Income Avg
Nicaragua,Latin America & Caribbean,AMRO,Lower middle income,0.349076923,Region & Income Avg,0.087833333,Region & Income Avg,1,Region & Income Avg,1,Region & Income Avg,0.055,International average,0.2305,Region & Income Avg,0.26572973,Region & Income Avg,0.26572973,Region & Income Avg
Niger,Sub-Saharan Africa,AFRO,Low income,0.286,Existing Data,0.515,Existing Data,0.309333333,Region & Income Avg,0.656,International average,0.055,Region & Income Avg,0.901,Existing Data,0.25,Existing Data,0.25,Existing Data
Nigeria,Sub-Saharan Africa,AFRO,Lower middle income,0.305,Existing Data,0.167,Existing Data,0.309333333,Region & Income Avg,0.656,International average,0.055,Region & Income Avg,0.496,Existing Data,0.31,Existing Data,0.31,Existing Data
North Macedonia,Europe & Central Asia,EURO,Upper middle income,0.349076923,Region & Income Avg,0.040666667,Region & Income Avg,0.61675,Region & Income Avg,0.656,International average,0.055,International average,0.404630435,International average,0.26572973,Region & Income Avg,0.26572973,Region & Income Avg
Northern Mariana Islands,East Asia & Pacific,WPRO,High income,0.349076923,Region & Income Avg,0.361333333,Region & Income Avg,0.279,Region & Income Avg,0.956,Region & Income Avg,0.055,International average,0.228333333,Region & Income Avg,0.26572973,Region & Income Avg,0.26572973,Region & Income Avg
Norway,Europe & Central Asia,EURO,High income,0.349076923,Region & Income Avg,0.040666667,Region & Income Avg,0.61675,Region & Income Avg,0.656,International average,0.055,International average,0.404630435,International average,0.26572973,Region & Income Avg,0.26572973,Region & Income Avg
Oman,Middle East & North Africa,EMRO,High income,0.349076923,Region & Income Avg,0.0335,Region & Income Avg,0.761,Existing Data,0.656,International average,0.055,International average,0.0225,Income Group Avg,0.26572973,Region & Income Avg,0.26572973,Region & Income Avg
Pakistan,South Asia,EMRO,Lower middle income,0.294,Existing Data,0.018,Existing Data,0.368,Region Avg,0.012,Region Avg,0.055,International average,0.004,Existing Data,0.26572973,Region & Income Avg,0.26572973,Region & Income Avg
Palau,East Asia & Pacific,WPRO,Upper middle income,0.349076923,Region & Income Avg,0.361333333,Region & Income Avg,0.279,Region & Income Avg,0.956,Region & Income Avg,0.055,International average,0.228333333,Region & Income Avg,0.26572973,Region & Income Avg,0.26572973,Region & Income Avg
Panama,Latin America & Caribbean,AMRO,High income,0.349076923,Region & Income Avg,0.087833333,Region & Income Avg,1,Region & Income Avg,1,Region & Income Avg,0.055,International average,0.2305,Region & Income Avg,0.26572973,Region & Income Avg,0.26572973,Region & Income Avg
Papua New Guinea,East Asia & Pacific,WPRO,Lower middle income,0.079,Existing Data,0.181,Existing Data,0.279,Region & Income Avg,0.956,Region & Income Avg,0.055,International average,0.49,Existing Data,0.235,Existing Data,0.235,Existing Data
Paraguay,Latin America & Caribbean,AMRO,Upper middle income,0.349076923,Region & Income Avg,0.087833333,Region & Income Avg,1,Region & Income Avg,1,Region & Income Avg,0.055,International average,0.2305,Region & Income Avg,0.26572973,Region & Income Avg,0.26572973,Region & Income Avg
Peru,Latin America & Caribbean,AMRO,Upper middle income,0.447,Existing Data,0.028,Existing Data,1,Region & Income Avg,1,Region & Income Avg,0.055,International average,0.2305,Region & Income Avg,0.26572973,Region & Income Avg,0.26572973,Region & Income Avg
Philippines,East Asia & Pacific,WPRO,Lower middle income,0.56,Existing Data,0.081,Existing Data,0.279,Region & Income Avg,0.956,Region & Income Avg,0.055,International average,0.228333333,Region & Income Avg,0.26572973,Region & Income Avg,0.26572973,Region & Income Avg
Poland,Europe & Central Asia,EURO,High income,0.349076923,Region & Income Avg,0.040666667,Region & Income Avg,0.61675,Region & Income Avg,0.656,International average,0.055,International average,0.404630435,International average,0.26572973,Region & Income Avg,0.26572973,Region & Income Avg
Portugal,Europe & Central Asia,EURO,High income,0.349076923,Region & Income Avg,0.040666667,Region & Income Avg,0.61675,Region & Income Avg,0.656,International average,0.055,International average,0.404630435,International average,0.26572973,Region & Income Avg,0.26572973,Region & Income Avg
Puerto Rico,Latin America & Caribbean,AMRO,High income,0.349076923,Region & Income Avg,0.087833333,Region & Income Avg,1,Region & Income Avg,1,Region & Income Avg,0.055,International average,0.2305,Region & Income Avg,0.26572973,Region & Income Avg,0.26572973,Region & Income Avg
Qatar,Middle East & North Africa,EMRO,High income,0.349076923,Region & Income Avg,0.0335,Region & Income Avg,0.761,Region & Income Avg,0.656,International average,0.055,International average,0.0225,Income Group Avg,0.26572973,Region & Income Avg,0.26572973,Region & Income Avg
Romania,Europe & Central Asia,EURO,High income,0.349076923,Region & Income Avg,0.040666667,Region & Income Avg,0.61675,Region & Income Avg,0.656,International average,0.055,International average,0.404630435,International average,0.26572973,Region & Income Avg,0.26572973,Region & Income Avg
Russian Federation,Europe & Central Asia,EURO,Upper middle income,0.349076923,Region & Income Avg,0.040666667,Region & Income Avg,0.61675,Region & Income Avg,0.656,International average,0.055,International average,0.404630435,International average,0.26572973,Region & Income Avg,0.26572973,Region & Income Avg
Rwanda,Sub-Saharan Africa,AFRO,Low income,0.156,Existing Data,0.43,Existing Data,0.309333333,Region & Income Avg,0.656,International average,0.055,Region & Income Avg,0.561,Existing Data,0.037,Existing Data,0.037,Existing Data
Samoa,East Asia & Pacific,WPRO,Lower middle income,0.349076923,Region & Income Avg,0.361333333,Region & Income Avg,0.279,Region & Income Avg,0.956,Region & Income Avg,0.055,International average,0.228333333,Region & Income Avg,0.26572973,Region & Income Avg,0.26572973,Region & Income Avg
San Marino,Europe & Central Asia,EURO,High income,0.349076923,Region & Income Avg,0.040666667,Region & Income Avg,0.61675,Region & Income Avg,0.656,International average,0.055,International average,0.404630435,International average,0.26572973,Region & Income Avg,0.26572973,Region & Income Avg
Sao Tome and Principe,Sub-Saharan Africa,AFRO,Lower middle income,0.535,Existing Data,0.52,Existing Data,0.309333333,Region & Income Avg,0.656,International average,0.055,Region & Income Avg,0.567,Existing Data,0.05,Existing Data,0.05,Existing Data
Saudi Arabia,Middle East & North Africa,EMRO,High income,0.349076923,Region & Income Avg,0.0335,Region & Income Avg,0.761,Region & Income Avg,0.656,International average,0.055,International average,0.0225,Income Group Avg,0.26572973,Region & Income Avg,0.26572973,Region & Income Avg
Senegal,Sub-Saharan Africa,AFRO,Lower middle income,0.65,Existing Data,0.554,Existing Data,0.512,Existing Data,0.656,International average,0.055,Region & Income Avg,0.525,Existing Data,0.377,Existing Data,0.377,Existing Data
Serbia,Europe & Central Asia,EURO,Upper middle income,0.349076923,Region & Income Avg,0.040666667,Region & Income Avg,0.61675,Region & Income Avg,0.656,International average,0.055,International average,0.404630435,International average,0.26572973,Region & Income Avg,0.26572973,Region & Income Avg
Seychelles,Sub-Saharan Africa,AFRO,High income,0.349076923,Region & Income Avg,0.47440625,Region & Income Avg,0.309333333,Region & Income Avg,0.656,International average,0.055,Region & Income Avg,0.465125,Region & Income Avg,0.26572973,Region & Income Avg,0.26572973,Region & Income Avg
Sierra Leone,Sub-Saharan Africa,AFRO,Low income,0.277,Existing Data,0.835,Existing Data,0.309333333,Region & Income Avg,0.656,International average,0.055,Region & Income Avg,0.638,Existing Data,0.357,Existing Data,0.357,Existing Data
Singapore,East Asia & Pacific,WPRO,High income,0.349076923,Region & Income Avg,0.361333333,Region & Income Avg,0.279,Region & Income Avg,0.956,Region & Income Avg,0.055,International average,0.228333333,Region & Income Avg,0.26572973,Region & Income Avg,0.26572973,Region & Income Avg
Sint Maarten (Dutch part),Latin America & Caribbean,AMRO,High income,0.349076923,Region & Income Avg,0.087833333,Region & Income Avg,1,Region & Income Avg,1,Region & Income Avg,0.055,International average,0.2305,Region & Income Avg,0.26572973,Region & Income Avg,0.26572973,Region & Income Avg
Slovak Republic,Europe & Central Asia,EURO,High income,0.349076923,Region & Income Avg,0.040666667,Region & Income Avg,0.61675,Region & Income Avg,0.656,International average,0.055,International average,0.404630435,International average,0.26572973,Region & Income Avg,0.26572973,Region & Income Avg
Slovenia,Europe & Central Asia,EURO,High income,0.349076923,Region & Income Avg,0.040666667,Region & Income Avg,0.61675,Region & Income Avg,0.656,International average,0.055,International average,0.404630435,International average,0.26572973,Region & Income Avg,0.26572973,Region & Income Avg
Solomon Islands,East Asia & Pacific,WPRO,Lower middle income,0.349076923,Region & Income Avg,0.361333333,Region & Income Avg,0.279,Region & Income Avg,0.956,Existing Data,0.055,International average,0.228333333,Region & Income Avg,0.26572973,Region & Income Avg,0.26572973,Region & Income Avg
Somalia,Sub-Saharan Africa,EMRO,Low income,0.349076923,Region & Income Avg,0.47440625,Region Avg,0.309333333,Region Avg,0.656,International average,0.055,Region Avg,0.465125,Region Avg,0.26572973,Region & Income Avg,0.26572973,Region & Income Avg
South Africa,Sub-Saharan Africa,AFRO,Upper middle income,0.505,Existing Data,0.47440625,Region & Income Avg,0.309333333,Region & Income Avg,0.656,International average,0.055,Region & Income Avg,0.465125,Region & Income Avg,0.26572973,Region & Income Avg,0.26572973,Region & Income Avg
South Sudan,Sub-Saharan Africa,AFRO,Low income,0.349076923,Region & Income Avg,0.47440625,Region & Income Avg,0.309333333,Region & Income Avg,0.656,International average,0.055,Region & Income Avg,0.465125,Region & Income Avg,0.26572973,Region & Income Avg,0.26572973,Region & Income Avg
Spain,Europe & Central Asia,EURO,High income,0.349076923,Region & Income Avg,0.040666667,Region & Income Avg,0.61675,Region & Income Avg,0.656,International average,0.055,International average,0.404630435,International average,0.26572973,Region & Income Avg,0.26572973,Region & Income Avg
Sri Lanka,South Asia,SERO,Lower middle income,0.349076923,Region & Income Avg,0.404666667,Region & Income Avg,0.368,Region & Income Avg,0.012,Region & Income Avg,0.055,International average,0.042,Region & Income Avg,0.26572973,Region & Income Avg,0.26572973,Region & Income Avg
St. Kitts and Nevis,Latin America & Caribbean,AMRO,High income,0.349076923,Region & Income Avg,0.087833333,Region & Income Avg,1,Region & Income Avg,1,Region & Income Avg,0.055,International average,0.2305,Region & Income Avg,0.26572973,Region & Income Avg,0.26572973,Region & Income Avg
St. Lucia,Latin America & Caribbean,AMRO,Upper middle income,0.349076923,Region & Income Avg,0.087833333,Region & Income Avg,1,Region & Income Avg,1,Region & Income Avg,0.055,International average,0.2305,Region & Income Avg,0.26572973,Region & Income Avg,0.26572973,Region & Income Avg
St. Martin (French part),Latin America & Caribbean,AMRO,High income,0.349076923,Region & Income Avg,0.087833333,Region & Income Avg,1,Region & Income Avg,1,Region & Income Avg,0.055,International average,0.2305,Region & Income Avg,0.26572973,Region & Income Avg,0.26572973,Region & Income Avg
St. Vincent and the Grenadines,Latin America & Caribbean,AMRO,Upper middle income,0.349076923,Region & Income Avg,0.087833333,Region & Income Avg,1,Region & Income Avg,1,Region & Income Avg,0.055,International average,0.2305,Region & Income Avg,0.26572973,Region & Income Avg,0.26572973,Region & Income Avg
Sudan,Sub-Saharan Africa,EMRO,Low income,0.349076923,Region & Income Avg,0.47440625,Region Avg,0.309333333,Region Avg,0.656,International average,0.055,Region Avg,0.465125,Region Avg,0.26572973,Region & Income Avg,0.26572973,Region & Income Avg
Suriname,Latin America & Caribbean,AMRO,Upper middle income,0.349076923,Region & Income Avg,0.087833333,Region & Income Avg,1,Region & Income Avg,1,Region & Income Avg,0.055,International average,0.2305,Region & Income Avg,0.26572973,Region & Income Avg,0.26572973,Region & Income Avg
Sweden,Europe & Central Asia,EURO,High income,0.349076923,Region & Income Avg,0.040666667,Region & Income Avg,0.61675,Region & Income Avg,0.656,International average,0.055,International average,0.404630435,International average,0.26572973,Region & Income Avg,0.26572973,Region & Income Avg
Switzerland,Europe & Central Asia,EURO,High income,0.349076923,Region & Income Avg,0.040666667,Region & Income Avg,0.61675,Region & Income Avg,0.656,International average,0.055,International average,0.404630435,International average,0.26572973,Region & Income Avg,0.26572973,Region & Income Avg
Syrian Arab Republic,Middle East & North Africa,EMRO,Low income,0.349076923,Region & Income Avg,0.0335,Region & Income Avg,0.761,Region & Income Avg,0.656,International average,0.055,International average,0.0225,Income Group Avg,0.26572973,Region & Income Avg,0.26572973,Region & Income Avg
"Taiwan, China",East Asia & Pacific,WPRO,High income,0.349076923,Region & Income Avg,0.361333333,Region & Income Avg,0.279,Region & Income Avg,0.956,Region & Income Avg,0.055,International average,0.228333333,Region & Income Avg,0.26572973,Region & Income Avg,0.26572973,Region & Income Avg
Tajikistan,Europe & Central Asia,EURO,Lower middle income,0.022,Existing Data,0.017,Existing Data,0.61675,Region & Income Avg,0.656,International average,0.055,International average,0.404630435,International average,0.26572973,Region & Income Avg,0.26572973,Region & Income Avg
Tanzania,Sub-Saharan Africa,AFRO,Lower middle income,0.411,Existing Data,0.629,Existing Data,0.331,Existing Data,0.656,International average,0.05,Existing Data,0.584,Existing Data,0.317,Existing Data,0.317,Existing Data
Thailand,East Asia & Pacific,SERO,Upper middle income,0.349076923,Region & Income Avg,0.3565,Region & Income Avg,0.279,Region Avg,0.956,Region Avg,0.055,International average,0.27,Region & Income Avg,0.26572973,Region & Income Avg,0.26572973,Region & Income Avg
Timor-Leste,East Asia & Pacific,SERO,Lower middle income,0.128,Existing Data,0.16,Existing Data,0.279,Region Avg,0.956,Region Avg,0.055,International average,0.601,Existing Data,0.26572973,Region & Income Avg,0.26572973,Region & Income Avg
Togo,Sub-Saharan Africa,AFRO,Low income,0.371,Existing Data,0.572,Existing Data,0.309333333,Region & Income Avg,0.656,International average,0.055,Region & Income Avg,0.69,Existing Data,0.417,Existing Data,0.417,Existing Data
Tonga,East Asia & Pacific,WPRO,Upper middle income,0.349076923,Region & Income Avg,0.361333333,Region & Income Avg,0.279,Region & Income Avg,0.956,Region & Income Avg,0.055,International average,0.228333333,Region & Income Avg,0.26572973,Region & Income Avg,0.26572973,Region & Income Avg
Trinidad and Tobago,Latin America & Caribbean,AMRO,High income,0.349076923,Region & Income Avg,0.087833333,Region & Income Avg,1,Region & Income Avg,1,Region & Income Avg,0.055,International average,0.2305,Region & Income Avg,0.26572973,Region & Income Avg,0.26572973,Region & Income Avg
Tunisia,Middle East & North Africa,EMRO,Lower middle income,0.349076923,Region & Income Avg,0.0335,Region & Income Avg,0.761,Region & Income Avg,0.656,International average,0.055,International average,0.0225,Income Group Avg,0.26572973,Region & Income Avg,0.26572973,Region & Income Avg
Turkey,Europe & Central Asia,EURO,Upper middle income,0.349076923,Region & Income Avg,0.040666667,Region & Income Avg,0.61675,Region & Income Avg,0.656,International average,0.055,International average,0.404630435,International average,0.26572973,Region & Income Avg,0.26572973,Region & Income Avg
Turkmenistan,Europe & Central Asia,EURO,Upper middle income,0.349076923,Region & Income Avg,0.040666667,Region & Income Avg,0.61675,Region & Income Avg,0.656,International average,0.055,International average,0.404630435,International average,0.26572973,Region & Income Avg,0.26572973,Region & Income Avg
Turks and Caicos Islands,Latin America & Caribbean,AMRO,High income,0.349076923,Region & Income Avg,0.087833333,Region & Income Avg,1,Region & Income Avg,1,Region & Income Avg,0.055,International average,0.2305,Region & Income Avg,0.26572973,Region & Income Avg,0.26572973,Region & Income Avg
Tuvalu,East Asia & Pacific,WPRO,Upper middle income,0.349076923,Region & Income Avg,0.361333333,Region & Income Avg,0.279,Region & Income Avg,0.956,Region & Income Avg,0.055,International average,0.228333333,Region & Income Avg,0.26572973,Region & Income Avg,0.26572973,Region & Income Avg
Uganda,Sub-Saharan Africa,AFRO,Low income,0.226,Existing Data,0.599,Existing Data,0.085,Existing Data,0.656,International average,0.065,Existing Data,0.654,Existing Data,0.41,Existing Data,0.41,Existing Data
Ukraine,Europe & Central Asia,EURO,Lower middle income,0.034,Existing Data,0.093,Existing Data,0.61675,Region & Income Avg,0.656,International average,0.055,International average,0.404630435,International average,0.26572973,Region & Income Avg,0.26572973,Region & Income Avg
United Arab Emirates,Middle East & North Africa,EMRO,High income,0.349076923,Region & Income Avg,0.0335,Region & Income Avg,0.761,Region & Income Avg,0.656,International average,0.055,International average,0.0225,Income Group Avg,0.26572973,Region & Income Avg,0.26572973,Region & Income Avg
United Kingdom,Europe & Central Asia,EURO,High income,0.349076923,Region & Income Avg,0.040666667,Region & Income Avg,0.98,Existing Data,0.656,International average,0.055,International average,0.404630435,International average,0.26572973,Region & Income Avg,0.26572973,Region & Income Avg
United States,North America,AMRO,High income,0.349076923,Region & Income Avg,0.087833333,Income Group Avg,1,Income Group Avg,1,Income Group Avg,0.055,International average,0.2305,Income Group Avg,0.26572973,Region & Income Avg,0.26572973,Region & Income Avg
Uruguay,Latin America & Caribbean,AMRO,High income,0.349076923,Region & Income Avg,0.087833333,Region & Income Avg,1,Region & Income Avg,1,Region & Income Avg,0.055,International average,0.2305,Region & Income Avg,0.26572973,Region & Income Avg,0.26572973,Region & Income Avg
Uzbekistan,Europe & Central Asia,EURO,Lower middle income,0.349076923,Region & Income Avg,0.040666667,Region & Income Avg,0.1,Existing Data,0.656,International average,0.055,International average,0.404630435,International average,0.26572973,Region & Income Avg,0.26572973,Region & Income Avg
Vanuatu,East Asia & Pacific,WPRO,Lower middle income,0.349076923,Region & Income Avg,0.040666667,Region & Income Avg,0.61675,Region & Income Avg,0.656,International average,0.055,International average,0.404630435,International average,0.26572973,Region & Income Avg,0.26572973,Region & Income Avg
Venezuela,Latin America & Caribbean,AMRO,Upper middle income,0.349076923,Region & Income Avg,0.087833333,Region & Income Avg,1,Region & Income Avg,1,Region & Income Avg,0.055,International average,0.2305,Region & Income Avg,0.26572973,Region & Income Avg,0.26572973,Region & Income Avg
Vietnam,East Asia & Pacific,WPRO,Lower middle income,0.349076923,Region & Income Avg,0.361333333,Region & Income Avg,0.279,Region & Income Avg,0.956,Region & Income Avg,0.055,International average,0.154,Existing Data,0.26572973,Region & Income Avg,0.26572973,Region & Income Avg
Virgin Islands (U.S.),Latin America & Caribbean,AMRO,High income,0.349076923,Region & Income Avg,0.087833333,Region & Income Avg,1,Region & Income Avg,1,Region & Income Avg,0.055,International average,0.2305,Region & Income Avg,0.26572973,Region & Income Avg,0.26572973,Region & Income Avg
West Bank and Gaza,Middle East & North Africa,EMRO,Lower middle income,0.349076923,Region & Income Avg,0.0335,Region & Income Avg,0.761,Region & Income Avg,0.656,International average,0.055,International average,0.0225,Income Group Avg,0.26572973,Region & Income Avg,0.26572973,Region & Income Avg
"Yemen, Rep.",Middle East & North Africa,EMRO,Low income,0.055,Existing Data,0.034,Existing Data,0.761,Region & Income Avg,0.656,International average,0.055,International average,0.0225,Income Group Avg,0.26572973,Region & Income Avg,0.26572973,Region & Income Avg
Zambia,Sub-Saharan Africa,AFRO,Low income,0.725,Existing Data,0.774,Existing Data,0.309333333,Region & Income Avg,0.656,International average,0.055,Region & Income Avg,0.489,Existing Data,0.587,Existing Data,0.587,Existing Data
Zimbabwe,Sub-Saharan Africa,AFRO,Lower middle income,0.397,Existing Data,0.034,Existing Data,0.309333333,Region & Income Avg,0.656,International average,0.055,Region & Income Avg,0.061,Existing Data,0.05,Existing Data,0.05,Existing Data
,,,,,,,,,,,,,,,,,,,
,,,,,,,,,,,,,,,,,,,
